{
  "iterations": [
    10,
    20,
    30,
    40,
    50,
    60,
    70,
    80,
    90,
    100,
    110,
    120,
    130,
    140,
    150,
    160,
    170,
    180,
    190,
    200,
    210,
    220,
    230,
    240,
    250,
    260,
    270,
    280,
    290,
    300,
    310,
    320,
    330,
    340,
    350,
    360,
    370,
    380,
    390,
    400,
    410,
    420,
    430,
    440,
    450,
    460
  ],
  "rewards": [
    0.5978916666666668,
    0.6971333333333333,
    0.7694958333333344,
    0.7731041666666673,
    0.7853749999999999,
    0.8428666666666667,
    0.8500083333333326,
    0.8355541666666649,
    0.8266499999999983,
    0.8409999999999982,
    0.8253583333333323,
    0.8266583333333315,
    0.8347166666666647,
    0.8645916666666664,
    0.9044374999999989,
    0.9209249999999978,
    0.9258958333333314,
    0.9603999999999978,
    0.9585166666666649,
    0.960104166666665,
    0.9594791666666649,
    0.9602291666666641,
    0.9593833333333315,
    0.9598624999999977,
    0.9587499999999988,
    0.9620541666666647,
    0.959266666666665,
    0.9610499999999977,
    0.9620374999999979,
    0.9613541666666638,
    0.9598249999999982,
    0.9602541666666642,
    0.9599416666666645,
    0.9595041666666649,
    0.9602999999999977,
    0.9605708333333317,
    0.9599458333333311,
    0.9593958333333312,
    0.9591208333333315,
    0.9597249999999978,
    0.961329166666665,
    0.9596041666666647,
    0.9623291666666645,
    0.9607958333333311,
    0.9588749999999979,
    0.9595458333333312
  ]
}