{
  "iterations": [
    10,
    20,
    30,
    40,
    50,
    60,
    70,
    80,
    90,
    100,
    110,
    120,
    130,
    140,
    150,
    160,
    170,
    180,
    190,
    200,
    210,
    220,
    230,
    240,
    250,
    260,
    270,
    280,
    290,
    300,
    310,
    320,
    330,
    340,
    350,
    360,
    370,
    380,
    390,
    400,
    410,
    420,
    430,
    440,
    450,
    460,
    470,
    480,
    490,
    500,
    510,
    520,
    530,
    540,
    550,
    560,
    570,
    580,
    590,
    600,
    610,
    620,
    630,
    640,
    650,
    660,
    670,
    680,
    690,
    700,
    710,
    720,
    730,
    740,
    750,
    760,
    770,
    780,
    790,
    800,
    810,
    820,
    830
  ],
  "rewards": [
    0.4858916666666671,
    0.6829958333333336,
    0.7730500000000009,
    0.8188375000000008,
    0.8002958333333337,
    0.9059291666666662,
    0.8927166666666652,
    0.8560333333333314,
    0.869266666666665,
    0.8700583333333314,
    0.8626166666666648,
    0.8501999999999983,
    0.8400916666666645,
    0.8729833333333312,
    0.874649999999998,
    0.8983833333333326,
    0.9188874999999999,
    0.9326374999999989,
    0.911608333333333,
    0.9232916666666658,
    0.9228999999999989,
    0.9216208333333327,
    0.9220416666666662,
    0.9237874999999995,
    0.9139791666666659,
    0.9362166666666654,
    0.9379708333333311,
    0.9593374999999985,
    0.9591583333333317,
    0.9595874999999983,
    0.9576624999999983,
    0.958399999999998,
    0.9577499999999988,
    0.9573916666666648,
    0.958924999999998,
    0.9601749999999979,
    0.9597166666666652,
    0.9577041666666649,
    0.9604666666666647,
    0.9595291666666648,
    0.9612041666666645,
    0.9591624999999978,
    0.9602416666666652,
    0.9580333333333313,
    0.9582499999999983,
    0.9623333333333314,
    0.9631291666666645,
    0.9628166666666642,
    0.9614541666666646,
    0.9629499999999976,
    0.9646083333333313,
    0.9661624999999985,
    0.9657083333333318,
    0.9647708333333316,
    0.9638208333333312,
    0.963312499999999,
    0.9632249999999991,
    0.9652124999999994,
    0.9657749999999987,
    0.9659291666666653,
    0.965470833333332,
    0.966158333333333,
    0.9672249999999988,
    0.9648874999999988,
    0.965258333333332,
    0.9647249999999988,
    0.9671541666666654,
    0.964624999999999,
    0.9666791666666653,
    0.9677791666666655,
    0.9651541666666656,
    0.9666958333333322,
    0.9657958333333317,
    0.9666916666666653,
    0.9651083333333321,
    0.9666124999999987,
    0.9673499999999984,
    0.9654124999999989,
    0.9657624999999989,
    0.9681541666666653,
    0.9665333333333325,
    0.9646999999999994,
    0.9644874999999992
  ]
}