{
  "grpo": {
    "final_reward": 0.9601450000000011,
    "training_time": 3.1229848861694336,
    "training_curve": {
      "iterations": [
        10,
        20,
        30,
        40,
        50,
        60,
        70,
        80,
        90,
        100,
        110,
        120,
        130,
        140,
        150,
        160,
        170,
        180,
        190,
        200,
        210,
        220,
        230,
        240,
        250,
        260,
        270,
        280,
        290,
        300
      ],
      "rewards": [
        0.4891791666666662,
        0.6332166666666676,
        0.7681125000000003,
        0.7805458333333347,
        0.8098333333333335,
        0.8050749999999987,
        0.799570833333333,
        0.8019499999999985,
        0.8127583333333319,
        0.7897999999999987,
        0.7970083333333317,
        0.7927999999999992,
        0.8201666666666649,
        0.8223874999999987,
        0.8779041666666668,
        0.8659624999999995,
        0.8645541666666652,
        0.9077874999999991,
        0.9436083333333317,
        0.9595374999999983,
        0.9629541666666644,
        0.961149999999998,
        0.957974999999998,
        0.9605083333333314,
        0.9608499999999981,
        0.9621124999999979,
        0.9634874999999978,
        0.9605874999999979,
        0.9621874999999979,
        0.962187499999998
      ],
      "training_time": 3.1229848861694336
    },
    "restaurant_metrics": {
      "utility": 1.0,
      "privacy": 1.0,
      "avg_shared": 2,
      "privacy_breach_rate": 0.0
    },
    "bank_metrics": {
      "utility": 1.0,
      "privacy": 1.0,
      "avg_shared": 5,
      "privacy_breach_rate": 0.0
    },
    "restaurant_directives": {
      "strictly": {
        "utility": 1.0,
        "privacy": 1.0,
        "expected_pattern": [
          "EMAIL",
          "PHONE"
        ],
        "model_pattern": [
          "EMAIL",
          "PHONE"
        ],
        "shared_expected": [
          "EMAIL",
          "PHONE"
        ],
        "extra_shared": []
      },
      "balanced": {
        "utility": 1.0,
        "privacy": 1.0,
        "expected_pattern": [
          "EMAIL",
          "PHONE"
        ],
        "model_pattern": [
          "EMAIL",
          "PHONE"
        ],
        "shared_expected": [
          "EMAIL",
          "PHONE"
        ],
        "extra_shared": []
      },
      "accurately": {
        "utility": 1.0,
        "privacy": 1.0,
        "expected_pattern": [
          "EMAIL",
          "PHONE"
        ],
        "model_pattern": [
          "EMAIL",
          "PHONE"
        ],
        "shared_expected": [
          "EMAIL",
          "PHONE"
        ],
        "extra_shared": []
      }
    },
    "bank_directives": {
      "strictly": {
        "utility": 1.0,
        "privacy": 1.0,
        "expected_pattern": [
          "CREDIT_CARD",
          "DATE/DOB",
          "EMAIL",
          "PHONE",
          "SSN"
        ],
        "model_pattern": [
          "CREDIT_CARD",
          "DATE/DOB",
          "EMAIL",
          "PHONE",
          "SSN"
        ],
        "shared_expected": [
          "CREDIT_CARD",
          "DATE/DOB",
          "EMAIL",
          "PHONE",
          "SSN"
        ],
        "extra_shared": []
      },
      "balanced": {
        "utility": 1.0,
        "privacy": 1.0,
        "expected_pattern": [
          "CREDIT_CARD",
          "DATE/DOB",
          "EMAIL",
          "PHONE",
          "SSN"
        ],
        "model_pattern": [
          "CREDIT_CARD",
          "DATE/DOB",
          "EMAIL",
          "PHONE",
          "SSN"
        ],
        "shared_expected": [
          "CREDIT_CARD",
          "DATE/DOB",
          "EMAIL",
          "PHONE",
          "SSN"
        ],
        "extra_shared": []
      },
      "accurately": {
        "utility": 1.0,
        "privacy": 1.0,
        "expected_pattern": [
          "CREDIT_CARD",
          "DATE/DOB",
          "EMAIL",
          "PHONE",
          "SSN"
        ],
        "model_pattern": [
          "CREDIT_CARD",
          "DATE/DOB",
          "EMAIL",
          "PHONE",
          "SSN"
        ],
        "shared_expected": [
          "CREDIT_CARD",
          "DATE/DOB",
          "EMAIL",
          "PHONE",
          "SSN"
        ],
        "extra_shared": []
      }
    }
  },
  "groupedppo": {
    "final_reward": 0.9549483333333322,
    "training_time": 3.0546791553497314,
    "training_curve": {
      "iterations": [
        10,
        20,
        30,
        40,
        50,
        60,
        70,
        80,
        90,
        100,
        110,
        120,
        130,
        140,
        150,
        160,
        170,
        180,
        190,
        200,
        210,
        220,
        230,
        240,
        250,
        260,
        270,
        280,
        290,
        300
      ],
      "rewards": [
        0.6509124999999991,
        0.8140833333333339,
        0.7942416666666661,
        0.7804249999999999,
        0.7620333333333332,
        0.8376916666666671,
        0.8830583333333337,
        0.9347249999999993,
        0.9316374999999986,
        0.9560749999999998,
        0.9532875000000002,
        0.9569916666666662,
        0.9563375,
        0.9560125,
        0.9543250000000001,
        0.9555499999999999,
        0.9542625000000003,
        0.9541124999999994,
        0.9561499999999998,
        0.9564624999999997,
        0.9560750000000001,
        0.9549625,
        0.9551124999999998,
        0.955929166666667,
        0.9557749999999998,
        0.9553750000000004,
        0.9547999999999999,
        0.954275,
        0.9542291666666665,
        0.9562124999999995
      ],
      "training_time": 3.0546791553497314
    },
    "restaurant_metrics": {
      "utility": 1.0,
      "privacy": 0.8888888888888888,
      "avg_shared": 3,
      "privacy_breach_rate": 0.1111111111111111
    },
    "bank_metrics": {
      "utility": 1.0,
      "privacy": 1.0,
      "avg_shared": 5,
      "privacy_breach_rate": 0.0
    },
    "restaurant_directives": {
      "strictly": {
        "utility": 1.0,
        "privacy": 0.8888888888888888,
        "expected_pattern": [
          "EMAIL",
          "PHONE"
        ],
        "model_pattern": [
          "EMAIL",
          "NAME",
          "PHONE"
        ],
        "shared_expected": [
          "EMAIL",
          "PHONE"
        ],
        "extra_shared": [
          "NAME"
        ]
      },
      "balanced": {
        "utility": 1.0,
        "privacy": 0.8888888888888888,
        "expected_pattern": [
          "EMAIL",
          "PHONE"
        ],
        "model_pattern": [
          "EMAIL",
          "NAME",
          "PHONE"
        ],
        "shared_expected": [
          "EMAIL",
          "PHONE"
        ],
        "extra_shared": [
          "NAME"
        ]
      },
      "accurately": {
        "utility": 1.0,
        "privacy": 0.8888888888888888,
        "expected_pattern": [
          "EMAIL",
          "PHONE"
        ],
        "model_pattern": [
          "EMAIL",
          "NAME",
          "PHONE"
        ],
        "shared_expected": [
          "EMAIL",
          "PHONE"
        ],
        "extra_shared": [
          "NAME"
        ]
      }
    },
    "bank_directives": {
      "strictly": {
        "utility": 1.0,
        "privacy": 1.0,
        "expected_pattern": [
          "CREDIT_CARD",
          "DATE/DOB",
          "EMAIL",
          "PHONE",
          "SSN"
        ],
        "model_pattern": [
          "CREDIT_CARD",
          "DATE/DOB",
          "EMAIL",
          "PHONE",
          "SSN"
        ],
        "shared_expected": [
          "CREDIT_CARD",
          "DATE/DOB",
          "EMAIL",
          "PHONE",
          "SSN"
        ],
        "extra_shared": []
      },
      "balanced": {
        "utility": 1.0,
        "privacy": 1.0,