model,avg_privacy,avg_utility,avg_speed
mlx-community/Qwen2.5-7B-Instruct-4bit,0.995530012771392,0.9885057471264368,44.82070804582927
mlx-community/Mistral-7B-Instruct-v0.3-4bit,0.9987228607918264,0.9961685823754789,32.30535435516262
mlx-community/Meta-Llama-3.1-8B-Instruct-4bit,0.9786079182630907,0.7586206896551724,42.940722902042666
mlx-community/Qwen2.5-14B-Instruct-4bit,0.9602809706257982,1.0,22.544326525062743
mlx-community/Qwen2.5-32B-Instruct-4bit,1.0,1.0,10.233346982922134
