{
  "iterations": [
    10,
    20,
    30,
    40,
    50,
    60,
    70,
    80,
    90,
    100,
    110,
    120,
    130,
    140,
    150,
    160,
    170,
    180,
    190,
    200,
    210,
    220,
    230,
    240,
    250,
    260,
    270,
    280,
    290,
    300,
    310,
    320,
    330,
    340,
    350,
    360,
    370,
    380,
    390,
    400,
    410,
    420
  ],
  "rewards": [
    0.6325708333333334,
    0.7077749999999989,
    0.7260750000000007,
    0.7608708333333325,
    0.7540416666666664,
    0.7547958333333327,
    0.772708333333333,
    0.7552083333333331,
    0.7820083333333332,
    0.7939249999999994,
    0.8438916666666665,
    0.9304999999999987,
    0.9551499999999996,
    0.9553000000000001,
    0.9559874999999995,
    0.9556999999999998,
    0.9560374999999999,
    0.9549249999999995,
    0.9537249999999999,
    0.9552749999999997,
    0.9554875000000002,
    0.956225,
    0.9546666666666661,
    0.9550874999999999,
    0.9532666666666663,
    0.9557625000000001,
    0.9543166666666663,
    0.9535624999999993,
    0.9554750000000003,
    0.9559875000000001,
    0.9541,
    0.9545999999999996,
    0.9560625000000006,
    0.9536583333333333,
    0.9559749999999997,
    0.9560624999999999,
    0.9556500000000002,
    0.9547791666666673,
    0.9540624999999996,
    0.9540624999999996,
    0.9554874999999999,
    0.9550624999999999
  ]
}