{
  "iterations": [
    10,
    20,
    30,
    40,
    50,
    60,
    70,
    80,
    90,
    100,
    110,
    120,
    130,
    140,
    150,
    160,
    170,
    180,
    190,
    200,
    210,
    220,
    230,
    240,
    250,
    260,
    270,
    280,
    290,
    300
  ],
  "rewards": [
    0.5893416666666669,
    0.6336624999999992,
    0.7370083333333335,
    0.7975791666666677,
    0.8499208333333352,
    0.8884291666666665,
    0.838125,
    0.8018249999999982,
    0.8275333333333321,
    0.8322416666666652,
    0.7859666666666658,
    0.8148666666666649,
    0.8180041666666655,
    0.8760291666666657,
    0.8811708333333326,
    0.8768458333333327,
    0.8897249999999991,
    0.9248541666666651,
    0.947629166666665,
    0.9614874999999979,
    0.9606916666666642,
    0.9605499999999982,
    0.9609249999999976,
    0.9601916666666648,
    0.960662499999998,
    0.9612458333333314,
    0.9587749999999984,
    0.9589916666666645,
    0.9613166666666645,
    0.9614166666666643
  ]
}