{
  "iterations": [
    10,
    20,
    30,
    40,
    50,
    60,
    70,
    80,
    90,
    100,
    110,
    120,
    130,
    140,
    150,
    160,
    170,
    180,
    190,
    200,
    210,
    220,
    230,
    240,
    250,
    260,
    270,
    280,
    290,
    300,
    310,
    320,
    330,
    340,
    350,
    360,
    370,
    380,
    390,
    400,
    410,
    420
  ],
  "rewards": [
    0.656374999999999,
    0.8007291666666663,
    0.7858041666666661,
    0.7666874999999994,
    0.8055958333333326,
    0.8087249999999985,
    0.8075833333333315,
    0.8588124999999995,
    0.918749999999999,
    0.9421124999999979,
    0.9595666666666643,
    0.9612749999999979,
    0.9588499999999982,
    0.9618249999999972,
    0.9598208333333315,
    0.9594874999999982,
    0.9592124999999981,
    0.9598999999999976,
    0.9621374999999975,
    0.9608541666666643,
    0.9588624999999982,
    0.962712499999998,
    0.9626999999999978,
    0.9629874999999977,
    0.9619749999999978,
    0.9623791666666643,
    0.9608374999999981,
    0.9621499999999977,
    0.9624874999999976,
    0.9600999999999981,
    0.9612124999999978,
    0.9615999999999981,
    0.9603124999999981,
    0.9591666666666648,
    0.9598416666666645,
    0.9592749999999977,
    0.9613708333333316,
    0.9615249999999979,
    0.9612749999999975,
    0.9590624999999982,
    0.958537499999998,
    0.9611749999999979
  ]
}